Feature Name,Theme,Sub Theme,latitude,longitude,source_dataset
Carlton Football Club,Leisure/Recreation,Major Sports & Recreation Facility,-37.7840864379557,144.961967841559,City of Melbourne - Landmarks and places of interest
Kings Domain,Leisure/Recreation,Informal Outdoor Facility (Park/Garden/Reserve),-37.8255239795833,144.974107925144,City of Melbourne - Landmarks and places of interest
Australian Centre for Contemporary Art,Place Of Assembly,Art Gallery/Museum,-37.8266045432686,144.967252924593,City of Melbourne - Landmarks and places of interest
Federation Square,Leisure/Recreation,Informal Outdoor Facility (Park/Garden/Reserve),-37.8178516571684,144.968963600783,City of Melbourne - Landmarks and places of interest
National Sports Museum,Place Of Assembly,Art Gallery/Museum,-37.8189544909462,144.984669809381,City of Melbourne - Landmarks and places of interest
Flagstaff Gardens,Leisure/Recreation,Informal Outdoor Facility (Park/Garden/Reserve),-37.8111222889277,144.954696055235,City of Melbourne - Landmarks and places of interest
Westgate Park,Leisure/Recreation,Informal Outdoor Facility (Park/Garden/Reserve),-37.8314918578874,144.908824792698,City of Melbourne - Landmarks and places of interest
Newmarket Reserve,Leisure/Recreation,Informal Outdoor Facility (Park/Garden/Reserve),-37.7878473341234,144.922972125346,City of Melbourne - Landmarks and places of interest
J.J Holland Park,Leisure/Recreation,Informal Outdoor Facility (Park/Garden/Reserve),-37.7982358832177,144.923837074813,City of Melbourne - Landmarks and places of interest
Riverside Park,Leisure/Recreation,"Outdoor Recreation Facility (Zoo, Golf Course)",-37.7948375315825,144.915607065132,City of Melbourne - Landmarks and places of interest
Fitzroy Gardens,Leisure/Recreation,Informal Outdoor Facility (Park/Garden/Reserve),-37.8129616331579,144.980455714669,City of Melbourne - Landmarks and places of interest
The Melbourne Athenaeum Library,Place Of Assembly,Library,-37.8148855756416,144.967291289941,City of Melbourne - Landmarks and places of interest
State Library Victoria,Community Use,Public Buildings,-37.8099852201226,144.964330322397,City of Melbourne - Landmarks and places of interest
Regent Theatre,Place Of Assembly,Theatre Live,-37.8160014744179,144.967916735261,City of Melbourne - Landmarks and places of interest
Richmond Football Club,Leisure/Recreation,Informal Outdoor Facility (Park/Garden/Reserve),-37.8216740022008,144.988156318781,City of Melbourne - Landmarks and places of interest
Melbourne Convention Centre,Place Of Assembly,Function/Conference/Exhibition Centre,-37.8249040484653,144.952288281644,City of Melbourne - Landmarks and places of interest
Melbourne International Shooting Club,Leisure/Recreation,Private Sports Club/Facility,-37.8292844929826,144.913415802464,City of Melbourne - Landmarks and places of interest
Fox Classic Car Collection,Place Of Assembly,Art Gallery/Museum,-37.8213744301481,144.948496661709,City of Melbourne - Landmarks and places of interest
North Melbourne Recreation Reserve,Leisure/Recreation,Informal Outdoor Facility (Park/Garden/Reserve),-37.7988345257153,144.941452061463,City of Melbourne - Landmarks and places of interest
Princes Park,Leisure/Recreation,Informal Outdoor Facility (Park/Garden/Reserve),-37.7870161727156,144.961115214367,City of Melbourne - Landmarks and places of interest
Argyle Square,Leisure/Recreation,Informal Outdoor Facility (Park/Garden/Reserve),-37.8031480577285,144.965761295089,City of Melbourne - Landmarks and places of interest
Westpac Centre,Leisure/Recreation,Major Sports & Recreation Facility,-37.8242456858593,144.979720306309,City of Melbourne - Landmarks and places of interest
Playhouse,Place Of Assembly,Theatre Live,-37.8218124583016,144.968337832721,City of Melbourne - Landmarks and places of interest
Victorian Arts Centre,Place Of Assembly,Art Gallery/Museum,-37.8219947335768,144.968837288153,City of Melbourne - Landmarks and places of interest
Central Pier,Place Of Assembly,Function/Conference/Exhibition Centre,-37.8165177307702,144.943475014215,City of Melbourne - Landmarks and places of interest
NGV International,Community Use,Public Buildings,-37.8230135000869,144.969342535451,City of Melbourne - Landmarks and places of interest
Royal Botanic Gardens,Leisure/Recreation,Informal Outdoor Facility (Park/Garden/Reserve),-37.8306631583233,144.980850432751,City of Melbourne - Landmarks and places of interest
Darling Square,Leisure/Recreation,Informal Outdoor Facility (Park/Garden/Reserve),-37.81299206932,144.989062559512,City of Melbourne - Landmarks and places of interest
The Ian Potter Museum Of Art,Place Of Assembly,Art Gallery/Museum,-37.7973939595503,144.964156669702,City of Melbourne - Landmarks and places of interest
Parliament Reserve,Leisure/Recreation,Informal Outdoor Facility (Park/Garden/Reserve),-37.809852620638,144.973462202839,City of Melbourne - Landmarks and places of interest
North Melbourne Recreation Centre (Gymnasium),Leisure/Recreation,Gymnasium/Health Club,-37.7997051197931,144.940368286395,City of Melbourne - Landmarks and places of interest
Conservatory,Community Use,Public Buildings,-37.814002127195,144.9785597431,City of Melbourne - Landmarks and places of interest
Koorie Heritage Trust Inc,Place Of Assembly,Art Gallery/Museum,-37.8133854259085,144.954027907736,City of Melbourne - Landmarks and places of interest
Macarthur Square,Leisure/Recreation,Informal Outdoor Facility (Park/Garden/Reserve),-37.7983318676737,144.971514146104,City of Melbourne - Landmarks and places of interest
Cooks' Cottage,Place Of Assembly,Art Gallery/Museum,-37.8144604899837,144.979471339826,City of Melbourne - Landmarks and places of interest
Royal Exhibition Building,Place Of Assembly,Art Gallery/Museum,-37.80460262432,144.971521914952,City of Melbourne - Landmarks and places of interest
Eureka Skydeck 88,Leisure/Recreation,Observation Tower/Wheel,-37.8216187583314,144.964622218598,City of Melbourne - Landmarks and places of interest
Old Melbourne Gaol Crime & Justice Experience,Place Of Assembly,Art Gallery/Museum,-37.8077644149636,144.965463853978,City of Melbourne - Landmarks and places of interest
Melbourne Exhibition Centre,Place Of Assembly,Function/Conference/Exhibition Centre,-37.8252455123297,144.95435243249,City of Melbourne - Landmarks and places of interest
MTC Theatre,Place Of Assembly,Theatre Live,-37.8242661832902,144.968174400274,City of Melbourne - Landmarks and places of interest
Shrine of Rembrance Reserve,Leisure/Recreation,Informal Outdoor Facility (Park/Garden/Reserve),-37.8320733992876,144.973628364465,City of Melbourne - Landmarks and places of interest
Icehouse,Leisure/Recreation,Indoor Recreation Facility,-37.8121881194053,144.935684018873,City of Melbourne - Landmarks and places of interest
Carlton Baths,Leisure/Recreation,Indoor Recreation Facility,-37.7934377042609,144.971696548624,City of Melbourne - Landmarks and places of interest
Dallas Brooks Centre,Place Of Assembly,Function/Conference/Exhibition Centre,-37.8097374138234,144.981383411592,City of Melbourne - Landmarks and places of interest
Flemington Racecourse,Leisure/Recreation,Major Sports & Recreation Facility,-37.7908082646624,144.912142987372,City of Melbourne - Landmarks and places of interest
Treasury Gardens,Leisure/Recreation,Informal Outdoor Facility (Park/Garden/Reserve),-37.8143993575938,144.975952335785,City of Melbourne - Landmarks and places of interest
Melbourne Cricket Ground (MCG),Leisure/Recreation,Major Sports & Recreation Facility,-37.8194921618419,144.983402879078,City of Melbourne - Landmarks and places of interest
Queen Victoria Gardens,Leisure/Recreation,Informal Outdoor Facility (Park/Garden/Reserve),-37.8216381244891,144.971049530478,City of Melbourne - Landmarks and places of interest
New Quay,Leisure/Recreation,Informal Outdoor Facility (Park/Garden/Reserve),-37.8152178789077,144.941617889032,City of Melbourne - Landmarks and places of interest
New Quay Marina,Transport,Marina,-37.8152925454954,144.942283726231,City of Melbourne - Landmarks and places of interest
Rod Laver Arena,Leisure/Recreation,Major Sports & Recreation Facility,-37.8220456119807,144.978487173787,City of Melbourne - Landmarks and places of interest
Melbourne Park,Leisure/Recreation,Major Sports & Recreation Facility,-37.8209085970021,144.978735802793,City of Melbourne - Landmarks and places of interest
Hisense Arena,Leisure/Recreation,Major Sports & Recreation Facility,-37.823110002667,144.981834802535,City of Melbourne - Landmarks and places of interest
Melbourne Museum,Place Of Assembly,Art Gallery/Museum,-37.8035518129299,144.971690718887,City of Melbourne - Landmarks and places of interest
Elisabeth Murdoch Hall,Community Use,Public Buildings,-37.8239733704282,144.967450979234,City of Melbourne - Landmarks and places of interest
Melbourne Recital Centre,Community Use,Public Buildings,-37.8238327885805,144.967682729667,City of Melbourne - Landmarks and places of interest
Hamer Hall,Place Of Assembly,Theatre Live,-37.8199901009015,144.967992144257,City of Melbourne - Landmarks and places of interest
Athanaeum Theatre,Place Of Assembly,Theatre Live,-37.814954347831,144.96732254212,City of Melbourne - Landmarks and places of interest
Her Majesty's Theatre,Place Of Assembly,Theatre Live,-37.8109975612842,144.969520183129,City of Melbourne - Landmarks and places of interest
Sandridge Rail Bridge,Leisure/Recreation,Informal Outdoor Facility (Park/Garden/Reserve),-37.8201763042794,144.96298113724,City of Melbourne - Landmarks and places of interest
The Museum Of Australian Chinese History,Place Of Assembly,Art Gallery/Museum,-37.8107686127655,144.96923385414,City of Melbourne - Landmarks and places of interest
Royal Park Golf Course,Leisure/Recreation,Private Sports Club/Facility,-37.7819171308558,144.956309119368,City of Melbourne - Landmarks and places of interest
Sidney Myer Music Bowl,Community Use,Public Buildings,-37.8233471608733,144.974686151365,City of Melbourne - Landmarks and places of interest
Melbourne Star Observation Wheel,Leisure/Recreation,Observation Tower/Wheel,-37.8116163666726,144.937588920436,City of Melbourne - Landmarks and places of interest
Birrarung Marr,Leisure/Recreation,Informal Outdoor Facility (Park/Garden/Reserve),-37.81806108403,144.97314667014,City of Melbourne - Landmarks and places of interest
Artplay,Leisure/Recreation,Indoor Recreation Facility,-37.8184198800044,144.971542586509,City of Melbourne - Landmarks and places of interest
Immigration Museum,Place Of Assembly,Art Gallery/Museum,-37.8191798798062,144.960426777129,City of Melbourne - Landmarks and places of interest
Fire Services Museum Victoria,Place Of Assembly,Art Gallery/Museum,-37.8085761281612,144.975373745366,City of Melbourne - Landmarks and places of interest
North Melbourne Recreation Centre (Aquatic),Leisure/Recreation,Major Sports & Recreation Facility,-37.7999470049655,144.943290801869,City of Melbourne - Landmarks and places of interest
State Netball Hockey Centre,Leisure/Recreation,Major Sports & Recreation Facility,-37.7857860016289,144.947580972027,City of Melbourne - Landmarks and places of interest
University Square,Leisure/Recreation,Informal Outdoor Facility (Park/Garden/Reserve),-37.800410711209,144.960398319302,City of Melbourne - Landmarks and places of interest
Princess Theatre,Place Of Assembly,Theatre Live,-37.8107257091302,144.9723265962,City of Melbourne - Landmarks and places of interest
Melbourne Zoo,Leisure/Recreation,"Outdoor Recreation Facility (Zoo, Golf Course)",-37.7844449253712,144.951371205938,City of Melbourne - Landmarks and places of interest
Malthouse Theatre,Place Of Assembly,Theatre Live,-37.8271768001126,144.966936821789,City of Melbourne - Landmarks and places of interest
Thoroughbred Racing Gallery,Place Of Assembly,Art Gallery/Museum,-37.8188662730911,144.9839700954,City of Melbourne - Landmarks and places of interest
Docklands Park,Leisure/Recreation,Informal Outdoor Facility (Park/Garden/Reserve),-37.8209956785618,144.946781702342,City of Melbourne - Landmarks and places of interest
Point Park,Leisure/Recreation,Informal Outdoor Facility (Park/Garden/Reserve),-37.8233522700646,144.942102276731,City of Melbourne - Landmarks and places of interest
Melbourne Theatre Company,Community Use,Public Buildings,-37.823930384816,144.968297429894,City of Melbourne - Landmarks and places of interest
Alexandra Gardens,Leisure/Recreation,Informal Outdoor Facility (Park/Garden/Reserve),-37.8206051404251,144.971796067365,City of Melbourne - Landmarks and places of interest
Shrine of Remembrance,Community Use,Public Buildings,-37.8302080020387,144.973441913623,City of Melbourne - Landmarks and places of interest
Carlton Courthouse Theatre,Place Of Assembly,Theatre Live,-37.7976589943217,144.968750113566,City of Melbourne - Landmarks and places of interest
Melbourne Showgrounds,Leisure/Recreation,"Outdoor Recreation Facility (Zoo, Golf Course)",-37.7823097850883,144.910822117306,City of Melbourne - Landmarks and places of interest
Piazza Italia,Leisure/Recreation,Informal Outdoor Facility (Park/Garden/Reserve),-37.8025164192523,144.965863092947,City of Melbourne - Landmarks and places of interest
Murchinson Square,Leisure/Recreation,Informal Outdoor Facility (Park/Garden/Reserve),-37.8002735025371,144.973059252203,City of Melbourne - Landmarks and places of interest
Melbourne Aquarium,Purpose Built,Aquarium,-37.8209627824685,144.958425696055,City of Melbourne - Landmarks and places of interest
FairFax Studio,Place Of Assembly,Theatre Live,-37.8216684581887,144.968836241692,City of Melbourne - Landmarks and places of interest
Melbourne Visitor Booth,Community Use,Visitor Centre,-37.8139525061193,144.964425882562,City of Melbourne - Landmarks and places of interest
Powlett Reserve,Leisure/Recreation,Informal Outdoor Facility (Park/Garden/Reserve),-37.8116929882498,144.987275671763,City of Melbourne - Landmarks and places of interest
State Theatre,Place Of Assembly,Theatre Live,-37.8212806349773,144.968469643744,City of Melbourne - Landmarks and places of interest
St Martins Youth Arts Centre,Place Of Assembly,Theatre Live,-37.8352429531289,144.98114217385,City of Melbourne - Landmarks and places of interest
IMAX Melbourne,Place Of Assembly,Cinema,-37.8034315561903,144.970639929886,City of Melbourne - Landmarks and places of interest
Comedy Theatre,Place Of Assembly,Theatre Live,-37.8102053945163,144.97013311862,City of Melbourne - Landmarks and places of interest
La Mama Theatre,Place Of Assembly,Theatre Live,-37.7991304956733,144.967669503083,City of Melbourne - Landmarks and places of interest
Forum Theatre,Place Of Assembly,Theatre Live,-37.816485409696,144.969386556998,City of Melbourne - Landmarks and places of interest
Sinclair's Cottage,Place Of Assembly,Art Gallery/Museum,-37.8145407488014,144.980554992725,City of Melbourne - Landmarks and places of interest
Etihad Stadium,Leisure/Recreation,Major Sports & Recreation Facility,-37.8161760471742,144.947496254547,City of Melbourne - Landmarks and places of interest
Lincoln Square,Leisure/Recreation,Informal Outdoor Facility (Park/Garden/Reserve),-37.8027919689732,144.962760852233,City of Melbourne - Landmarks and places of interest
Carlton Gardens North,Leisure/Recreation,Informal Outdoor Facility (Park/Garden/Reserve),-37.8017690847403,144.971997551189,City of Melbourne - Landmarks and places of interest
Wonderland Park,Leisure/Recreation,"Outdoor Recreation Facility (Zoo, Golf Course)",-37.8116945351989,144.936833674975,City of Melbourne - Landmarks and places of interest
Fawkner Park,Leisure/Recreation,Informal Outdoor Facility (Park/Garden/Reserve),-37.8413996708186,144.981625667877,City of Melbourne - Landmarks and places of interest
Enterprize Park,Leisure/Recreation,Informal Outdoor Facility (Park/Garden/Reserve),-37.820210269629,144.959276859602,City of Melbourne - Landmarks and places of interest
City Baths,Leisure/Recreation,Major Sports & Recreation Facility,-37.8071585350561,144.963189789721,City of Melbourne - Landmarks and places of interest
Carlton Gardens South,Leisure/Recreation,Informal Outdoor Facility (Park/Garden/Reserve),-37.8060684577258,144.971266479841,City of Melbourne - Landmarks and places of interest
Visy Park,Leisure/Recreation,Major Sports & Recreation Facility,-37.7834303940347,144.961982577553,City of Melbourne - Landmarks and places of interest
Batman Park,Leisure/Recreation,Informal Outdoor Facility (Park/Garden/Reserve),-37.8218460949601,144.956665812218,City of Melbourne - Landmarks and places of interest
Polly Woodside,Place Of Assembly,Art Gallery/Museum,-37.8242574266145,144.953478052064,City of Melbourne - Landmarks and places of interest
The Ian Potter Centre: NGV Australia,Place Of Assembly,Art Gallery/Museum,-37.8174831423197,144.969899048343,City of Melbourne - Landmarks and places of interest
AAMI Park,Leisure/Recreation,Major Sports & Recreation Facility,-37.8247252673963,144.98380297866,City of Melbourne - Landmarks and places of interest
Margaret Court Arena,Leisure/Recreation,Major Sports & Recreation Facility,-37.8213252086842,144.977591098955,City of Melbourne - Landmarks and places of interest
Riverslide Skate Park,Leisure/Recreation,Informal Outdoor Facility (Park/Garden/Reserve),-37.8207887122448,144.972951789291,City of Melbourne - Landmarks and places of interest
Royal Park,Leisure/Recreation,Informal Outdoor Facility (Park/Garden/Reserve),-37.7906174256581,144.953834240647,City of Melbourne - Landmarks and places of interest
Yarra Park,Leisure/Recreation,Informal Outdoor Facility (Park/Garden/Reserve),-37.820469374101,144.986671109615,City of Melbourne - Landmarks and places of interest
Victoria Police Museum,Place Of Assembly,Art Gallery/Museum,-37.8222182774409,144.954039975197,City of Melbourne - Landmarks and places of interest
Melbourne Visitor Centre,Community Use,Visitor Centre,-37.8177352402006,144.967937138226,City of Melbourne - Landmarks and places of interest
Australian Centre For The Moving Image (ACMI),Place Of Assembly,Art Gallery/Museum,-37.8176107327202,144.969070431323,City of Melbourne - Landmarks and places of interest
