title,article_url,summary,category,guid,source,source_feed_url,published_date,news_relevance,news_relevance_reason
Antisemitism royal commission to report later than planned,https://www.sbs.com.au/news/article/antisemitism-royal-commission-to-report-later-than-planned/t4i0il7vt,Commissioner Virginia Bell said she was responding to concerns from within the Jewish community.,Politics,000001a0-65f3-ddb1-a9a9-edffada70000,SBS News – Australia RSS,https://www.sbs.com.au/news/topic/australia/feed,2026-09-03T07:56:32Z,Included,Included because title/summary keyword match: community.
Kids are being dragged down a troubling 'rabbit hole'. What happens if we switch it off?,https://www.sbs.com.au/news/article/manosphere-algorithm-opt-out-social-media-misogyny/xtuz3i62s,A proposal to fundamentally change how Australians experience social media is gaining traction.,Australia,000001a0-64bc-dd6d-a1b8-eefda1500001,SBS News – Australia RSS,https://www.sbs.com.au/news/topic/australia/feed,2026-09-03T06:44:49Z,Included,Included because official RSS category match: Australia.
'Enormous interest': Coalition says exiled crown prince of Iran will visit Australia,https://www.sbs.com.au/news/article/enormous-interest-coalition-says-exiled-crown-prince-of-iran-will-visit-australia/nxd2nb6h7,The Coalition says Reza Pahlavi has accepted the party's invitation.,Politics; Australia,000001a0-6524-dbdd-afe3-75e559b70000,SBS News – Australia RSS,https://www.sbs.com.au/news/topic/australia/feed,2026-09-03T04:05:54Z,Included,Included because official RSS category match: Australia.
The world is expected to overshoot a critical climate target. But there's still hope,https://www.sbs.com.au/news/article/the-world-is-expected-to-overshoot-a-critical-climate-target-but-theres-still-hope/zb1ziilbb,"The world is likely to pass 1.5C warming by 2030, but experts say the choices made now could make a difference.",World; Science,000001a0-64c2-de6b-a1a2-e6e691f70001,SBS News – Australia RSS,https://www.sbs.com.au/news/topic/australia/feed,2026-09-03T02:55:28Z,Excluded,Excluded because no documented keyword/topic or broad official RSS category matched.
Coalition plan to hit 'gangs where it hurts' would slash tobacco tax and legalise vapes,https://www.sbs.com.au/news/article/tobacco-tax-coalition-legal-vapes-policy/4yv7egraj,The Opposition has unveiled its plan to tackle the sale of illegal tobacco amid the rise of organised crime sales.,Australia,000001a0-6414-dadf-a9ab-76156f150000,SBS News – Australia RSS,https://www.sbs.com.au/news/topic/australia/feed,2026-09-02T23:57:41Z,Included,Included because official RSS category match: Australia.
Missing Australians in Nepal to be pinpointed using telco data,https://www.sbs.com.au/news/article/australias-nepali-community-faces-anxious-wait-for-answers-over-flood-disaster/6irgi7qe8,Foreign Affairs Minister Penny Wong said the data would help rescuers refine their search.,Australia; World,000001a0-63b7-ddb1-a9a9-efbf169f0001,SBS News – Australia RSS,https://www.sbs.com.au/news/topic/australia/feed,2026-09-02T20:52:46Z,Included,Included because official RSS category match: Australia.
Australians will lose free access to this vaccine. Here's what it could cost,https://www.sbs.com.au/news/article/what-will-a-covid-vaccine-cost-under-australias-new-rules/c38zeuiem,Some Australians may soon face a new health bill under changes taking effect soon.,Health; COVID-19; Australia,000001a0-60a1-dff4-a7ee-f0f994220000,SBS News – Australia RSS,https://www.sbs.com.au/news/topic/australia/feed,2026-09-02T19:32:57Z,Included,"Included because title/summary keyword match: health, vaccine; official RSS category match: Australia, COVID-19, Health."
"With falls accelerating, how far could Australia's property market drop?",https://www.sbs.com.au/news/article/how-far-could-australian-property-prices-fall/r33flk97a,"Prices are now falling in most capital-city suburbs, but the key question is how much further the downturn has to run.",Australia; Finance,000001a0-5f99-d000-a7b8-dff922070000,SBS News – Australia RSS,https://www.sbs.com.au/news/topic/australia/feed,2026-09-02T19:32:35Z,Included,Included because official RSS category match: Australia.
The shifting ties in Australia's backyard as 'deep pockets' beckon,https://www.sbs.com.au/news/article/pacific-islands-forum-taiwan-china-australia-security-crisis/bdj0zowyg,"While China stirs tensions over Taiwan in Palau, island leaders are urging Canberra to focus on climate and drug crime.",World; Pacific,000001a0-5f7c-dbca-a7bf-7f7cf1720000,SBS News – Australia RSS,https://www.sbs.com.au/news/topic/australia/feed,2026-09-02T07:56:09Z,Excluded,Excluded because no documented keyword/topic or broad official RSS category matched.
'Didn’t think twice': The routine activity that sent Robert to the emergency department,https://www.sbs.com.au/news/article/didnt-think-twice-the-routine-activity-that-sent-robert-to-the-emergency-department/dapkm7izt,"Many people have no issue, but the consequences can be severe for people who are more vulnerable.",Australia; Health; Life,000001a0-6039-d361-afb9-f2fb82180000,SBS News – Australia RSS,https://www.sbs.com.au/news/topic/australia/feed,2026-09-02T05:58:07Z,Included,"Included because official RSS category match: Australia, Health, Life."
The possible cost of Australia's stronger-than-expected growth,https://www.sbs.com.au/news/article/australia-gdp-growth-economy-rba-interest-rates-pressure/61iypio6x,Australia's stronger GDP figures could complicate the Reserve Bank's next interest rate decision.,Politics; Australia,000001a0-6016-d455-adf9-ff3e3b450000,SBS News – Australia RSS,https://www.sbs.com.au/news/topic/australia/feed,2026-09-02T04:41:57Z,Included,Included because official RSS category match: Australia.
Revealed: The failures behind Telstra's major network outage,https://www.sbs.com.au/news/article/revealed-the-failures-behind-telstras-major-network-outage/n9y4ezgvh,Telstra has been in the regulatory microscope since a major outage in July created chaos across the country.,Australia,000001a0-5fa2-def6-abfd-7febf1de0001,SBS News – Australia RSS,https://www.sbs.com.au/news/topic/australia/feed,2026-09-02T02:25:55Z,Included,Included because official RSS category match: Australia.
The 'harmful' online rabbit hole finding teens within minutes,https://www.sbs.com.au/news/article/teach-us-consent-national-press-club-manosphere/tki4accvj,Teach Us Consent founder Chanel Contos is urging for an end to default algorithmic feeds to protect teenage boys online.,Australia,000001a0-5eac-df01-a1b9-febf3b2e0000,SBS News – Australia RSS,https://www.sbs.com.au/news/topic/australia/feed,2026-09-01T21:18:38Z,Included,Included because title/summary keyword match: online; official RSS category match: Australia.
I was told I was born with bad genes. I believed it and ended up in jail at 14,https://www.sbs.com.au/news/insight/article/i-was-told-i-was-born-with-bad-genes-i-believed-it-and-ended-up-in-jail-at-14/4d50matzq,"Growing up, Sandie felt like an outsider and acted out. It wasn’t until later in life that she realised she wasn’t ""bad"".",Life,000001a0-5b81-def5-a3bd-5f89c23f0000,SBS News – Australia RSS,https://www.sbs.com.au/news/topic/australia/feed,2026-09-01T19:38:01Z,Included,Included because official RSS category match: Life.
The COVID trend Australia wasn't expecting this winter,https://www.sbs.com.au/news/article/no-peak-australia-bucks-a-years-long-winter-sickness-trend/j0lnzhkp3,Australia's winter COVID season hasn't followed the script. Here's what the numbers show.,Health; Australia; COVID-19,000001a0-5b73-d37b-a7ef-fff3a6880000,SBS News – Australia RSS,https://www.sbs.com.au/news/topic/australia/feed,2026-09-01T19:33:12Z,Included,"Included because title/summary keyword match: covid; official RSS category match: Australia, COVID-19, Health."
Who can still get a free COVID vaccine? Australia's new rules explained,https://www.sbs.com.au/news/article/australia-covid-vaccine-changes-free-shots-limited-high-risk-groups/0r5r7urrl,"As COVID vaccine access changes, experts warn against drawing the wrong conclusion.",Australia; Health; COVID-19,000001a0-5ac5-df99-abfb-7ff513210000,SBS News – Australia RSS,https://www.sbs.com.au/news/topic/australia/feed,2026-09-01T04:59:12Z,Included,"Included because title/summary keyword match: vaccine, covid; official RSS category match: Australia, COVID-19, Health."
SBS confirmed as Australia's home of the 2030 FIFA World Cup,https://www.sbs.com.au/news/article/sbs-confirmed-as-australias-home-of-the-2030-fifa-world-cup/6p9kbuge1,Football-loving Australians will have access to all 104 matches of the landmark tournament live and free with SBS.,Australia; Sport,000001a0-5a8d-d0fd-abe5-fbbdcd360000,SBS News – Australia RSS,https://www.sbs.com.au/news/topic/australia/feed,2026-09-01T02:46:20Z,Included,Included because official RSS category match: Australia.
AusPost boss reveals future of letter deliveries a‌mid stamp price warning,https://www.sbs.com.au/news/article/auspost-reveals-future-of-letter-delivery-amid-stamp-price-warning/nmcejadxz,"With letter volumes falling fast, Australia Post is weighing how mail delivery evolves in the years ahead.",Australia; Finance,000001a0-46e6-d8fc-afe5-6fefe58c0000,SBS News – Australia RSS,https://www.sbs.com.au/news/topic/australia/feed,2026-08-31T19:35:37Z,Included,Included because official RSS category match: Australia.
More popular than Barnaby Joyce? This Australian has won over One Nation voters,https://www.sbs.com.au/news/article/this-australian-has-won-over-one-nation-voters/qd60tftox,One Nation has embraced a controversial figure. The political payoff is showing.,Politics,000001a0-555f-d177-a5e6-fd5f2b360001,SBS News – Australia RSS,https://www.sbs.com.au/news/topic/australia/feed,2026-08-31T19:35:28Z,Excluded,Excluded because no documented keyword/topic or broad official RSS category matched.
A new proposal to limit our scrolling has a precedent. But would it work?,https://www.sbs.com.au/news/article/a-new-proposal-to-limit-our-scrolling-has-a-precedent-but-would-it-work/cjfnif4ds,"Australia is considering copying Europe's playbook on limiting addictive social media feeds, but the results are mixed.",Australia; Politics,000001a0-55d4-d37b-a7e1-f7febe850000,SBS News – Australia RSS,https://www.sbs.com.au/news/topic/australia/feed,2026-08-31T06:29:58Z,Included,Included because official RSS category match: Australia.
Should smart glasses blur your face by default? Australia's tech watchdog thinks so,https://www.sbs.com.au/news/article/should-smart-glasses-blur-your-face-by-default-australias-tech-watchdog-thinks-so/mstu307hd,Yet-to-be-announced privacy reforms are also expected to strengthen protections around AI and social media.,Australia,000001a0-54da-d35c-a5e5-defa7eb80000,SBS News – Australia RSS,https://www.sbs.com.au/news/topic/australia/feed,2026-08-30T23:20:03Z,Included,Included because official RSS category match: Australia.
Australian boxing great Tony Mundine dies aged 75,https://www.sbs.com.au/news/article/australian-boxing-great-tony-mundine-dies-aged-75/32fhyh0th,Mundine was the father of former boxer and NRL player Anthony Mundine and grandfather to boxer Rahim Mundine.,Australia; Sport,000001a0-543f-d37b-a7e1-f73f7d4c0000,SBS News – Australia RSS,https://www.sbs.com.au/news/topic/australia/feed,2026-08-30T20:11:23Z,Included,Included because official RSS category match: Australia.
What a man with psychopathic traits wants people to understand about empathy,https://www.sbs.com.au/news/insight/article/what-a-man-with-psychopathic-traits-wants-people-to-understand-about-empathy/wj7t369ni,"While some people might be born with or develop certain traits, experts say it doesn’t mean they're destined for harmful behaviour.",Life,000001a0-46e5-dd70-a5aa-67ef71d00000,SBS News – Australia RSS,https://www.sbs.com.au/news/topic/australia/feed,2026-08-30T19:33:08Z,Included,Included because official RSS category match: Life.
What happens when Israel investigates itself?,https://www.sbs.com.au/news/article/has-justice-been-done-in-zomi-frankcoms-case-israels-history-raises-doubts/vug5ek7a9,An investigation into Zomi Frankcom's death is closed. But important questions remain unanswered.,World; Australia,000001a0-3185-d55e-affa-71d5a3ef0000,SBS News – Australia RSS,https://www.sbs.com.au/news/topic/australia/feed,2026-08-30T19:32:48Z,Included,Included because official RSS category match: Australia.
'Unsafe': Why Barnaby Joyce invoked Nepal to explain One Nation's refugee policy,https://www.sbs.com.au/news/article/barnaby-joyce-one-nation-nepal-refugee-intake/e5kk4odry,"The One Nation MP suggested that refugees should not come from ""countries which are dangerous"".",Australia; Politics,000001a0-50d4-d575-a1aa-d1f574ff0000,SBS News – Australia RSS,https://www.sbs.com.au/news/topic/australia/feed,2026-08-30T07:58:14Z,Included,Included because official RSS category match: Australia.
